,Адрес,Район,Цена,Количество комнат,Общая площадь,Площадь кухни,Этаж,Балкон или лоджия,Тип комнат,Санузел,Ремонт,Мебель,Техника,Интернет и ТВ,Можно с детьми,Можно с животными,Можно курить,Максимум гостей,Тип дома,Этажей в доме,Пассажирский лифт,Грузовой лифт,Парковка
0,"Курская область, Курск, ул. Карла Либкнехта, 16А",р-н Центральный,35 000 ₽ в месяц,3,116 м²,20 м²,5 из 9,"балкон, лоджия",изолированные,раздельный,евро,"кухня, хранение одежды, спальные места","кондиционер, холодильник, плита, микроволновка, стиральная машина, посудомоечная машина, телевизор","Wi-Fi, телевидение",да,нет,нет,,кирпичный,9,1,нет,за шлагбаумом во дворе
1,"Курская область, Курск, Красная пл., 2/4",р-н Центральный,27 000 ₽ в месяц,3,80 м²,15 м²,2 из 5,балкон,изолированные,совмещенный,евро,"кухня, хранение одежды, спальные места","холодильник, плита, микроволновка, стиральная машина, водонагреватель, телевизор",Wi-Fi,да,нет,нет,,кирпичный,5,,,за шлагбаумом во дворе
2,"Курская область, Курск, пр-т Вячеслава Клыкова, 50",р-н Центральный,12 000 ₽ в месяц,2,58 м²,12 м²,1 из 17,балкон,изолированные,раздельный,косметический,"кухня, хранение одежды, спальные места","холодильник, плита, стиральная машина, телевизор",телевидение,да,нет,нет,,панельный,17,1,1,открытая во дворе
3,"Курская область, Курск, пр-т Победы, 2",р-н Центральный,13 000 ₽ в месяц,2,75 м²,15 м²,5 из 10,лоджия,изолированные,,косметический,,,Wi-Fi,да,нет,нет,,монолитный,10,1,,открытая во дворе
4,"Курская область, Курск, микрорайон Северо-Западный, Студенческая ул., 2",р-н Центральный,15 000 ₽ в месяц,3,85 м²,13 м²,9 из 10,лоджия,"изолированные, смежные",раздельный,евро,кухня,"холодильник, плита",,да,нет,нет,,панельный,10,,,открытая во дворе
5,"Курская область, Курск, ул. Горького, 50",р-н Центральный,50 000 ₽ в месяц,3,113 м²,16 м²,7 из 7,"балкон, лоджия",изолированные,,евро,"кухня, хранение одежды, спальные места","кондиционер, холодильник, плита, микроволновка, стиральная машина, посудомоечная машина, водонагреватель, телевизор","Wi-Fi, телевидение",да,да,да,,кирпичный,7,1,,за шлагбаумом во дворе
6,"Курская область, Курск, микрорайон Северо-Западный, пр-т Хрущёва, 16",р-н Центральный,8 000 ₽ в месяц,1,41 м²,11 м²,4 из 9,лоджия,,раздельный,косметический,,"холодильник, плита",,нет,нет,нет,,панельный,9,1,,
7,"Курская область, Курск, ул. Блинова, 2к1",р-н Центральный,45 000 ₽ в месяц,3,58 м²,20 м²,8 из 9,балкон,изолированные,совмещенный,дизайнерский,"кухня, хранение одежды, спальные места","кондиционер, холодильник, плита, микроволновка, стиральная машина, водонагреватель, телевизор",Wi-Fi,да,нет,нет,,кирпичный,9,1,нет,за шлагбаумом во дворе
8,"Курская область, Курск, пр-т Надежды Плевицкой, 33",р-н Центральный,10 000 ₽ в месяц,1,30 м²,9 м²,1 из 17,балкон,,,косметический,"кухня, хранение одежды, спальные места","холодильник, плита, стиральная машина",,нет,нет,нет,,панельный,17,1,,открытая во дворе
9,"Курская область, Курск, Союзная ул., 18А",р-н Железнодорожный,20 000 ₽ в месяц,1,33 м²,6 м²,2 из 9,балкон,,совмещенный,дизайнерский,,,,нет,нет,нет,,панельный,9,,,
10,"Курская область, Курск, пр-т Надежды Плевицкой, 19",р-н Центральный,10 000 ₽ в месяц,1,37 м²,18 м²,10 из 10,балкон,,совмещенный,евро,"кухня, спальные места",плита,"Wi-Fi, телевидение",нет,нет,нет,,панельный,10,4,4,открытая во дворе
11,"Курская область, Курск, пр-т Победы, 10",р-н Центральный,12 000 ₽ в месяц,студия,54 м²,,2 из 10,,,совмещенный,косметический,,,,да,нет,нет,,монолитный,10,,,
12,"Курская область, Курск, Почтовая ул., 2",р-н Центральный,12 000 ₽ в месяц,1,32 м²,7 м²,5 из 5,,,совмещенный,косметический,"кухня, хранение одежды, спальные места","холодильник, плита, стиральная машина, телевизор",,да,нет,нет,,кирпичный,5,нет,нет,за шлагбаумом во дворе
13,"Курская область, Курск, ул. 50 лет Октября, 15А",р-н Центральный,15 000 ₽ в месяц,1,30 м²,6 м²,4 из 5,балкон,,совмещенный,евро,"кухня, хранение одежды, спальные места","холодильник, плита, стиральная машина, телевизор","Wi-Fi, телевидение",да,нет,нет,,кирпичный,5,нет,,открытая во дворе
14,"Курская область, Курск, пр-т Вячеслава Клыкова, 61",р-н Центральный,15 000 ₽ в месяц,3,80 м²,10 м²,15 из 17,балкон,изолированные,раздельный,косметический,"кухня, хранение одежды, спальные места","холодильник, плита, телевизор",,нет,нет,нет,,панельный,17,1,1,открытая во дворе
15,"Курская область, Курск, ул. Дзержинского, 82",р-н Центральный,15 500 ₽ в месяц,2,47 м²,8 м²,2 из 3,,изолированные,раздельный,косметический,"кухня, хранение одежды",плита,,да,да,да,,кирпичный,3,,,открытая во дворе
16,"Курская область, Курск, ул. Карла Маркса, 72к6",р-н Центральный,13 000 ₽ в месяц,2,45 м²,6 м²,3 из 4,балкон,смежные,совмещенный,косметический,"кухня, хранение одежды, спальные места","холодильник, плита, микроволновка, стиральная машина, водонагреватель, телевизор","Wi-Fi, телевидение",да,нет,нет,,кирпичный,4,нет,нет,открытая во дворе
17,"Курская область, Курск, ул. Блинова, 13/15",р-н Центральный,19 000 ₽ в месяц,студия,35 м²,,9 из 10,балкон,,совмещенный,евро,"кухня, хранение одежды, спальные места","кондиционер, плита, микроволновка, стиральная машина, телевизор",,нет,нет,,,кирпичный,10,,,
18,"Курская область, Курск, ул. Менделеева, 15",р-н Сеймский,10 000 ₽ в месяц,2,49 м²,7 м²,3 из 5,балкон,изолированные,раздельный,косметический,"кухня, хранение одежды, спальные места","холодильник, плита, стиральная машина, телевизор","Wi-Fi, телевидение",Можно с детьмиМожно с детьми,нет,нет,,панельный,5,,,
19,"Курская область, Курск, пр-т Вячеслава Клыкова, 70",р-н Центральный,10 000 ₽ в месяц,2,56.4 м²,56.4 м²,7 из 17,лоджия,изолированные,раздельный,косметический,,плита,,да,нет,нет,,панельный,17,1,1,
20,"Курская область, Курск, Звёздная ул., 15",р-н Центральный,9 000 ₽ в месяц,1,40 м²,9 м²,5 из 10,,,раздельный,косметический,"кухня, хранение одежды, спальные места","холодильник, плита",,нет,нет,нет,,панельный,10,1,,открытая во дворе
21,"Курская область, Курск, ул. Бойцов 9-й Дивизии, 185В",р-н Центральный,12 000 ₽ в месяц,1,42 м²,12 м²,14 из 17,балкон,,совмещенный,косметический,"кухня, хранение одежды, спальные места","холодильник, микроволновка, стиральная машина, телевизор",,да,нет,нет,,кирпичный,17,,,
22,"Курская область, Курск, Центральный округ, пр-т Дружбы, 22",р-н Центральный,7 000 ₽ в месяц,1,38 м²,10 м²,9 из 9,балкон,,совмещенный,косметический,"кухня, хранение одежды, спальные места","холодильник, плита",,да,нет,нет,,кирпичный,9,1,1,
23,"Курская область, Курск, ул. Черняховского, 7А",р-н Сеймский,10 000 ₽ в месяц,1,34 м²,9 м²,2 из 5,балкон,,совмещенный,косметический,"кухня, хранение одежды, спальные места","холодильник, плита, стиральная машина",,нет,нет,нет,,кирпичный,5,нет,нет,открытая во дворе
24,"Курская область, Курск, ул. Бойцов 9-й Дивизии, 193",р-н Центральный,14 000 ₽ в месяц,1,43 м²,9 м²,3 из 9,балкон,,раздельный,косметический,"кухня, хранение одежды, спальные места","холодильник, плита, микроволновка, стиральная машина, телевизор",телевидение,нет,нет,нет,,панельный,9,1,нет,открытая во дворе
25,"Курская область, Курск, пр-т Победы, 40",р-н Центральный,9 000 ₽ в месяц,1,37 м²,9 м²,17 из 17,балкон,,совмещенный,косметический,"кухня, спальные места",плита,"Wi-Fi, телевидение",нет,нет,нет,,монолитный,17,1,1,открытая во дворе
26,"Курская область, Курск, Центральный округ, Школьная ул., 5к13",р-н Центральный,14 000 ₽ в месяц,1,31 м²,7 м²,2 из 4,лоджия,,совмещенный,косметический,"кухня, хранение одежды, спальные места","холодильник, плита, стиральная машина",,да,нет,нет,,кирпичный,4,нет,нет,открытая во дворе
27,"Курская область, Курск, пр-т Вячеслава Клыкова, 35",р-н Центральный,15 000 ₽ в месяц,1,38 м²,10 м²,13 из 17,,,,косметический,,,,да,нет,нет,,панельный,17,1,1,открытая во дворе
28,"Курская область, Курск, микрорайон Северо-Западный, ул. Косухина, 31",р-н Центральный,16 000 ₽ в месяц,2,65 м²,9 м²,1 из 9,,изолированные,раздельный,косметический,"кухня, хранение одежды, спальные места","холодильник, плита, микроволновка, стиральная машина, телевизор",телевидение,да,нет,нет,,панельный,9,1,,открытая во дворе
29,"Курская область, Курск, пр-т Победы, 28",р-н Центральный,14 000 ₽ в месяц,2,68 м²,12 м²,1 из 17,,изолированные,раздельный,косметический,"кухня, хранение одежды, спальные места","холодильник, плита, стиральная машина",,нет,нет,нет,,панельный,17,1,1,открытая во дворе
30,"Курская область, Курск, пр-т Ленинского Комсомола, 101",р-н Сеймский,10 000 ₽ в месяц,9,46 м²,8 м²,7 из 9,лоджия,изолированные,раздельный,косметический,,,,да,да,,,панельный,9,1,,открытая во дворе
31,"Курская область, Курск, 1-я Ламоновская ул., 3",р-н Сеймский,13 000 ₽ в месяц,1,41 м²,10 м²,7 из 10,,,,евро,,,,да,нет,,,панельный,10,,,
32,"Курская область, Курск, пр-т Анатолия Дериглазова, 39",р-н Центральный,15 000 ₽ в месяц,1,50 м²,20 м²,3 из 17,балкон,,совмещенный,косметический,"кухня, хранение одежды, спальные места","холодильник, плита, микроволновка, стиральная машина, телевизор","Wi-Fi, телевидение",да,да,да,,монолитный,17,1,1,за шлагбаумом во дворе
33,"Курская область, Курск, ул. Щепкина",р-н Центральный,6 500 ₽ в месяц,1,16 м²,2 м²,5 из 9,,,раздельный,косметический,"кухня, хранение одежды, спальные места","холодильник, плита, телевизор",,да,да,да,,кирпичный,9,1,,за шлагбаумом во дворе
34,"Курская область, Курск, пр-т Победы, 44",р-н Центральный,15 000 ₽ в месяц,2,59 м²,10 м²,14 из 17,балкон,изолированные,раздельный,косметический,"кухня, спальные места","холодильник, плита, микроволновка, стиральная машина, телевизор",Wi-Fi,нет,нет,нет,,панельный,17,1,1,открытая во дворе
35,"Курская область, Курск, ул. Крюкова, 8",р-н Сеймский,9 000 ₽ в месяц,1,30 м²,7 м²,4 из 5,"балкон, лоджия",,раздельный,косметический,"кухня, хранение одежды, спальные места","холодильник, плита, микроволновка, стиральная машина, телевизор","Wi-Fi, телевидение",да,нет,,,панельный,5,нет,,
36,"Курская область, Курск, ул. Радищева, 64",р-н Центральный,15 000 ₽ в месяц,2,50 м²,9 м²,5 из 5,балкон,изолированные,раздельный,косметический,"кухня, хранение одежды, спальные места","холодильник, плита, стиральная машина, телевизор",телевидение,да,нет,нет,,кирпичный,5,нет,нет,
37,"Курская область, Курск, ул. Блинова, 2к1",р-н Центральный,20 000 ₽ в месяц,1,32 м²,8 м²,8 из 9,балкон,,совмещенный,дизайнерский,"кухня, хранение одежды, спальные места","кондиционер, холодильник, плита, микроволновка, стиральная машина, посудомоечная машина, водонагреватель, телевизор","Wi-Fi, телевидение",да,нет,да,,кирпичный,9,1,нет,открытая во дворе
38,"Курская область, Курск, ул. Ленина, 27",р-н Центральный,15 000 ₽ в месяц,1,42 м²,7 м²,2 из 3,,,совмещенный,косметический,"кухня, хранение одежды, спальные места","холодильник, плита, стиральная машина, телевизор",,да,да,нет,,кирпичный,3,,,открытая во дворе
39,"Курская область, Курск, ул. Володарского, 70",р-н Центральный,20 000 ₽ в месяц,2,80 м²,14 м²,3 из 10,лоджия,изолированные,раздельный,евро,"кухня, хранение одежды, спальные места","холодильник, плита, микроволновка, стиральная машина, телевизор",,да,нет,нет,,монолитный,10,1,1,за шлагбаумом во дворе
40,"Курская область, Курск, пр-т Победы, 10",р-н Центральный,20 000 ₽ в месяц,2,80 м²,13 м²,8 из 9,лоджия,изолированные,раздельный,евро,"кухня, спальные места","холодильник, плита, стиральная машина, водонагреватель","Wi-Fi, телевидение",да,нет,нет,,монолитно-кирпичный,9,1,,открытая во дворе
41,"Курская область, Курск, ул. Ватутина, 14",р-н Центральный,20 000 ₽ в месяц,3,75 м²,8.5 м²,4 из 5,балкон,изолированные,раздельный,косметический,"кухня, хранение одежды, спальные места","холодильник, плита, стиральная машина, водонагреватель",Wi-Fi,да,нет,нет,,кирпичный,5,нет,,за шлагбаумом во дворе
42,"Курская область, Курск, ул. Димитрова, 75",р-н Центральный,16 000 ₽ в месяц,2,61 м²,8.5 м²,9 из 9,балкон,изолированные,раздельный,косметический,"кухня, хранение одежды, спальные места","холодильник, плита, стиральная машина",телевидение,да,нет,нет,,панельный,9,1,,открытая во дворе
43,"Курская область, Курск, ул. Блинова, 13/15",р-н Центральный,13 000 ₽ в месяц,1,34 м²,7 м²,6 из 9,,,совмещенный,косметический,"кухня, хранение одежды, спальные места","холодильник, стиральная машина",Wi-Fi,нет,нет,,,кирпичный,9,,,
44,"Курская область, Курск, пр-т Вячеслава Клыкова, 85",р-н Центральный,9 000 ₽ в месяц,1,39 м²,10 м²,7 из 17,лоджия,,совмещенный,косметический,"кухня, хранение одежды, спальные места","холодильник, плита, стиральная машина",,нет,нет,нет,,панельный,17,1,1,открытая во дворе
45,"Курская область, Курск, пр-т Победы, 42",р-н Центральный,10 000 ₽ в месяц,1,38 м²,9 м²,7 из 16,балкон,,совмещенный,косметический,"кухня, хранение одежды, спальные места","холодильник, плита, стиральная машина, телевизор",,да,нет,нет,,панельный,16,1,1,открытая во дворе
46,"Курская область, Курск, Магистральный пр., 10",р-н Сеймский,15 000 ₽ в месяц,3,52 м²,9 м²,3 из 5,,изолированные,,косметический,"кухня, хранение одежды, спальные места","холодильник, микроволновка, стиральная машина, телевизор","Wi-Fi, телевидение",да,нет,,,кирпичный,5,1,,открытая во дворе
47,"Курская область, Курск, ул. Радищева, 86",р-н Центральный,18 000 ₽ в месяц,1,37 м²,7 м²,5 из 9,,,,евро,"кухня, хранение одежды","холодильник, плита, микроволновка, стиральная машина, телевизор",,да,нет,,,панельный,9,1,,открытая во дворе
48,"Курская область, Курск, ул. Домостроителей, 1",р-н Центральный,11 000 ₽ в месяц,2,59 м²,11 м²,6 из 17,лоджия,изолированные,раздельный,косметический,"кухня, хранение одежды, спальные места","холодильник, плита, стиральная машина, телевизор",,да,нет,нет,,панельный,17,1,1,открытая во дворе
49,"Курская область, Курск, Центральный округ, пр-т Дружбы, 13",р-н Центральный,12 000 ₽ в месяц,2,57 м²,9 м²,8 из 9,лоджия,изолированные,раздельный,косметический,"кухня, хранение одежды, спальные места","холодильник, плита, стиральная машина, телевизор",,да,да,да,,панельный,9,1,,
50,"Курская область, Курск, ул. Ленина, 108",р-н Центральный,17 000 ₽ в месяц,1,38 м²,10 м²,3 из 4,,,раздельный,евро,"кухня, хранение одежды, спальные места","холодильник, плита, микроволновка, стиральная машина",Wi-Fi,да,нет,нет,,блочный,4,нет,нет,за шлагбаумом во дворе
51,"Курская область, Курск, пр-т Анатолия Дериглазова, 43А",р-н Центральный,15 000 ₽ в месяц,2,59.6 м²,11 м²,15 из 17,"балкон, лоджия",изолированные,раздельный,косметический,"кухня, хранение одежды, спальные места","холодильник, плита, микроволновка, стиральная машина",Wi-Fi,да,нет,,,панельный,17,,,
52,"Курская область, Курск, ул. Карла Либкнехта, 4",р-н Центральный,10 000 ₽ в месяц,2,45 м²,8 м²,8 из 9,балкон,изолированные,раздельный,косметический,"кухня, хранение одежды, спальные места","холодильник, плита, микроволновка, стиральная машина",,да,нет,нет,,панельный,9,1,нет,открытая во дворе
53,"Курская область, Курск, ул. Черняховского, 58",р-н Сеймский,11 000 ₽ в месяц,1,36 м²,10 м²,1 из 10,лоджия,,,косметический,"кухня, хранение одежды, спальные места","холодильник, плита, стиральная машина, телевизор",,нет,нет,нет,,кирпичный,10,1,,открытая во дворе
54,"Курская область, Курск, ул. Павлуновского, 48В",р-н Центральный,20 000 ₽ в месяц,1,43.5 м²,10 м²,16 из 17,балкон,,совмещенный,евро,"кухня, хранение одежды, спальные места","кондиционер, холодильник, плита, стиральная машина",Wi-Fi,нет,нет,нет,,монолитно-кирпичный,17,1,1,за шлагбаумом во дворе
55,"Курская область, Курск, пр-т Анатолия Дериглазова, 93",р-н Центральный,10 000 ₽ в месяц,1,40 м²,10 м²,4 из 17,балкон,,совмещенный,косметический,"кухня, хранение одежды, спальные места","холодильник, стиральная машина, телевизор",телевидение,нет,нет,нет,,панельный,17,1,1,открытая во дворе
56,"Курская область, Курск, Хуторская ул., 12Г",р-н Центральный,15 000 ₽ в месяц,1,44.3 м²,15 м²,9 из 9,"балкон, лоджия",,совмещенный,дизайнерский,"кухня, хранение одежды, спальные места","холодильник, плита, микроволновка, стиральная машина, водонагреватель, телевизор","Wi-Fi, телевидение",да,нет,нет,,кирпичный,9,1,1,"открытая во дворе, за шлагбаумом во дворе"
57,"Курская область, Курск, микрорайон Курского завода тракторных запчастей, ул. Дейнеки, 32",р-н Сеймский,8 000 ₽ в месяц,2,42 м²,6 м²,1 из 5,,изолированные,раздельный,косметический,"кухня, хранение одежды, спальные места","холодильник, плита, телевизор",,да,нет,нет,,панельный,5,,,открытая во дворе
58,"Курская область, Курск, ул. Льва Толстого, 21",р-н Центральный,40 000 ₽ в месяц,2,70 м²,20 м²,8 из 10,лоджия,изолированные,совмещенный,дизайнерский,"кухня, хранение одежды, спальные места","холодильник, плита, микроволновка, стиральная машина, водонагреватель, телевизор","Wi-Fi, телевидение",нет,нет,нет,,монолитный,10,2,1,за шлагбаумом во дворе
59,"Курская область, Курск, пр-т Победы, 28",р-н Центральный,22 000 ₽ в месяц,3,82 м²,10 м²,11 из 17,балкон,изолированные,раздельный,косметический,"кухня, хранение одежды, спальные места","холодильник, плита, стиральная машина, водонагреватель",,да,нет,нет,,панельный,17,1,1,"подземная, наземная многоуровневая, открытая во дворе"
60,"Курская область, Курск, ул. Челюскинцев, 15",р-н Центральный,30 000 ₽ в месяц,2,74 м²,16 м²,1 из 9,"балкон, лоджия",изолированные,совмещенный,евро,"кухня, хранение одежды, спальные места","холодильник, плита, микроволновка, стиральная машина, посудомоечная машина, водонагреватель, телевизор","Wi-Fi, телевидение",да,да,да,,кирпичный,9,1,нет,открытая во дворе
61,"Курская область, Курск, ул. Димитрова, 97",р-н Центральный,15 000 ₽ в месяц,1,36 м²,7 м²,4 из 5,балкон,,совмещенный,косметический,"кухня, хранение одежды, спальные места","холодильник, плита, телевизор",,да,да,,,панельный,5,,,открытая во дворе
62,"Курская область, Курск, ул. 50 лет Октября, 91",р-н Центральный,16 000 ₽ в месяц,2,68 м²,12 м²,3 из 9,лоджия,изолированные,раздельный,евро,"кухня, хранение одежды, спальные места","холодильник, плита, микроволновка, стиральная машина, телевизор","Wi-Fi, телевидение",да,нет,нет,,кирпичный,9,,1,открытая во дворе
63,"Курская область, Курск, ул. Павлуновского, 48В",р-н Центральный,25 000 ₽ в месяц,2,70 м²,10 м²,3 из 16,балкон,изолированные,раздельный,евро,"кухня, хранение одежды, спальные места","холодильник, плита, микроволновка, стиральная машина, посудомоечная машина, водонагреватель, телевизор",,да,да,нет,,монолитный,16,1,1,за шлагбаумом во дворе
64,"Курская область, Курск, ул. Горького, 50",р-н Центральный,30 000 ₽ в месяц,2,80 м²,20 м²,3 из 10,лоджия,изолированные,раздельный,евро,"кухня, хранение одежды, спальные места","кондиционер, холодильник, плита, микроволновка, стиральная машина, посудомоечная машина, водонагреватель, телевизор",,да,да,да,,монолитный,10,1,1,за шлагбаумом во дворе
65,"Курская область, Курск, Почтовая ул., 2",р-н Центральный,12 000 ₽ в месяц,1,31.5 м²,7 м²,2 из 5,балкон,,совмещенный,косметический,"кухня, хранение одежды, спальные места","плита, стиральная машина, телевизор",,да,да,да,,кирпичный,5,,,открытая во дворе
66,"Курская область, Курск, Мирная ул., 2",р-н Центральный,12 000 ₽ в месяц,1,36 м²,7 м²,5 из 5,балкон,,совмещенный,косметический,"кухня, хранение одежды, спальные места","холодильник, плита, микроволновка, стиральная машина, телевизор",,да,нет,нет,,кирпичный,5,нет,нет,за шлагбаумом во дворе
67,"Курская область, Курск, ул. Гоголя, 25",р-н Центральный,20 000 ₽ в месяц,4,61.4 м²,11.5 м²,1 из 5,,изолированные,раздельный,косметический,"кухня, хранение одежды, спальные места","кондиционер, холодильник, плита, микроволновка, стиральная машина",Wi-Fi,да,да,да,,панельный,5,нет,нет,открытая во дворе
68,"Курская область, Курск, пр-т Победы, 24",р-н Центральный,12 000 ₽ в месяц,1,37 м²,10 м²,3 из 17,балкон,,совмещенный,косметический,"кухня, хранение одежды, спальные места","холодильник, плита, стиральная машина, телевизор",,да,нет,нет,,панельный,17,1,1,открытая во дворе
69,"Курская область, Курск, ул. Володарского, 6",р-н Центральный,25 000 ₽ в месяц,3,84 м²,12 м²,1 из 5,лоджия,изолированные,раздельный,косметический,"кухня, хранение одежды, спальные места","холодильник, плита, стиральная машина",,да,нет,нет,,кирпичный,5,,,
70,"Курская область, Курск, микрорайон Северо-Западный, пр-т Хрущёва, 35",р-н Центральный,13 000 ₽ в месяц,2,46.5 м²,8 м²,2 из 9,,изолированные,раздельный,косметический,"кухня, хранение одежды, спальные места","холодильник, стиральная машина, телевизор","Wi-Fi, телевидение",да,нет,нет,,панельный,9,,,открытая во дворе
71,"Курская область, Курск, Московский пр., 4",р-н Центральный,14 000 ₽ в месяц,1,37 м²,10 м²,3 из 4,балкон,,совмещенный,косметический,"кухня, хранение одежды, спальные места","холодильник, плита, стиральная машина",,да,нет,да,,кирпичный,4,нет,нет,открытая во дворе
72,"Курская область, Курск, ул. Чапаева, 89",р-н Железнодорожный,6 000 ₽ в месяц,2,100 м²,12 м²,1 из 2,"балкон, лоджия",изолированные,совмещенный,косметический,"кухня, хранение одежды, спальные места","кондиционер, холодильник, плита, стиральная машина, водонагреватель, телевизор","Wi-Fi, телевидение",нет,нет,нет,,монолитный,2,нет,нет,открытая во дворе
73,"Курская область, Курск, Советская ул., 12",р-н Центральный,17 000 ₽ в месяц,1,45 м²,15 м²,10 из 10,балкон,,совмещенный,евро,"кухня, хранение одежды","холодильник, плита",Wi-Fi,да,нет,нет,,кирпичный,10,1,1,за шлагбаумом во дворе
74,"Курская область, Курск, ул. Пионеров, 17",р-н Центральный,16 000 ₽ в месяц,1,50 м²,10 м²,4 из 9,балкон,,совмещенный,евро,"кухня, хранение одежды, спальные места","холодильник, плита, стиральная машина, водонагреватель, телевизор",телевидение,да,да,нет,,кирпичный,9,1,,за шлагбаумом во дворе
75,"Курская область, Курск, ул. Ленина, 31",р-н Центральный,13 000 ₽ в месяц,1,32 м²,6 м²,2 из 9,балкон,,совмещенный,косметический,"кухня, хранение одежды, спальные места","холодильник, плита, стиральная машина",,да,нет,да,,кирпичный,9,1,нет,за шлагбаумом во дворе
76,"Курская область, Курск, ул. Радищева, 20",р-н Центральный,20 000 ₽ в месяц,1,50 м²,20 м²,6 из 17,балкон,,,евро,,,"Wi-Fi, телевидение",нет,нет,нет,,кирпичный,17,,,
77,"Курская область, Курск, пр-т Победы, 18",р-н Центральный,11 000 ₽ в месяц,2,52 м²,9 м²,7 из 9,лоджия,изолированные,раздельный,косметический,,,,да,нет,нет,,панельный,9,1,нет,открытая во дворе
78,"Курская область, Курск, ул. Горького, 70",р-н Центральный,60 000 ₽ в месяц,3,90 м²,17 м²,7 из 17,лоджия,изолированные,раздельный,евро,"кухня, хранение одежды, спальные места","кондиционер, холодильник, плита, микроволновка, стиральная машина, посудомоечная машина, телевизор","Wi-Fi, телевидение",да,нет,нет,,монолитно-кирпичный,17,1,1,за шлагбаумом во дворе
79,"Курская область, Курск, микрорайон Курского завода тракторных запчастей, ул. Дейнеки, 29",р-н Сеймский,12 000 ₽ в месяц,2,45 м²,6 м²,4 из 5,балкон,изолированные,раздельный,косметический,"кухня, хранение одежды, спальные места","холодильник, плита, стиральная машина, телевизор",телевидение,да,нет,нет,,панельный,5,нет,,
80,"Курская область, Курск, пр-т Вячеслава Клыкова, 47",р-н Центральный,20 000 ₽ в месяц,1,40 м²,10 м²,1 из 17,,,совмещенный,евро,"кухня, хранение одежды, спальные места","кондиционер, холодильник, плита, микроволновка, стиральная машина, телевизор",,нет,нет,нет,,панельный,17,1,1,за шлагбаумом во дворе
81,"Курская область, Курск, пр-т Вячеслава Клыкова, 20",р-н Центральный,12 000 ₽ в месяц,1,38 м²,10 м²,1 из 17,,,раздельный,косметический,"кухня, хранение одежды, спальные места","холодильник, плита, стиральная машина",,да,нет,нет,,панельный,17,2,2,открытая во дворе
82,"Курская область, Курск, ул. Бойцов 9-й Дивизии, 191",р-н Центральный,15 000 ₽ в месяц,3,80 м²,9 м²,7 из 10,лоджия,изолированные,раздельный,косметический,"кухня, хранение одежды, спальные места",плита,,да,нет,нет,,панельный,10,1,нет,открытая во дворе
83,"Курская область, Курск, пр-т Ленинского Комсомола, 52",р-н Сеймский,12 000 ₽ в месяц,2,49 м²,9 м²,3 из 9,"балкон, лоджия",изолированные,раздельный,косметический,"кухня, хранение одежды, спальные места","холодильник, плита, микроволновка, стиральная машина, телевизор",телевидение,да,нет,нет,,панельный,9,1,,
84,"Курская область, Курск, ул. Радищева, 71к1",р-н Центральный,13 000 ₽ в месяц,2,46 м²,6 м²,2 из 5,балкон,изолированные,совмещенный,косметический,"кухня, хранение одежды, спальные места","холодильник, плита, микроволновка, стиральная машина, телевизор","Wi-Fi, телевидение",да,нет,нет,,кирпичный,5,нет,нет,за шлагбаумом во дворе
85,"Курская область, Курск, микрорайон Северо-Западный, пр-т Хрущёва, 14",р-н Центральный,18 000 ₽ в месяц,3,76 м²,12 м²,4 из 9,балкон,изолированные,раздельный,евро,"кухня, хранение одежды, спальные места","холодильник, плита, стиральная машина, телевизор",,нет,нет,нет,,панельный,9,4,нет,"открытая во дворе, за шлагбаумом во дворе"
86,"Курская область, Курск, 2-я ул. Новосёловка, 3А",р-н Железнодорожный,17 000 ₽ в месяц,3,60 м²,8 м²,2 из 9,балкон,изолированные,раздельный,косметический,"кухня, хранение одежды, спальные места","холодильник, плита, стиральная машина",,да,нет,,,кирпичный,9,1,,открытая во дворе
87,"Курская область, Курск, ул. Карла Маркса, 31А",р-н Центральный,15 000 ₽ в месяц,1,42 м²,10 м²,10 из 17,балкон,,совмещенный,евро,кухня,"кондиционер, холодильник, плита, микроволновка, стиральная машина",,да,нет,да,,панельный,17,1,1,"подземная, за шлагбаумом во дворе"
88,"Курская область, Курск, пр-т Анатолия Дериглазова",р-н Центральный,9 000 ₽ в месяц,1,38 м²,10 м²,17 из 17,,,,косметический,,"холодильник, плита",,да,нет,нет,,панельный,17,,,
89,"Курская область, Курск, ул. Гайдара, 11",р-н Центральный,12 000 ₽ в месяц,1,54 м²,12 м²,4 из 10,,,,евро,кухня,"холодильник, плита, стиральная машина",,нет,нет,нет,,кирпичный,10,,1,за шлагбаумом во дворе
90,"Курская область, Курск, пр-т Анатолия Дериглазова, 9",р-н Центральный,10 000 ₽ в месяц,1,47.5 м²,11 м²,12 из 17,балкон,,совмещенный,евро,,,,нет,нет,нет,,монолитный,17,1,1,открытая во дворе
91,"Курская область, Курск, ул. Карла Маркса, 15",р-н Центральный,30 000 ₽ в месяц,3,100 м²,10 м²,10 из 10,лоджия,изолированные,раздельный,евро,,"кондиционер, холодильник, плита, микроволновка, стиральная машина, посудомоечная машина, водонагреватель, телевизор",Wi-Fi,да,нет,да,,кирпичный,10,1,нет,открытая во дворе
92,"Курская область, Курск, ул. Щепкина, 20",р-н Центральный,12 000 ₽ в месяц,1,41.3 м²,12 м²,8 из 10,,,раздельный,косметический,,,,да,да,,,кирпичный,10,,,
93,"Курская область, Курск, пр-т Ленинского Комсомола, 54",р-н Сеймский,14 000 ₽ в месяц,3,61 м²,11 м²,5 из 9,"балкон, лоджия",изолированные,раздельный,косметический,"хранение одежды, спальные места","холодильник, плита, микроволновка, стиральная машина, телевизор","Wi-Fi, телевидение",5Дополнительно,да,,,панельный,9,,,
94,"Курская область, Курск, Институтская ул., 48",р-н Центральный,12 000 ₽ в месяц,2,48 м²,8 м²,6 из 6,балкон,изолированные,раздельный,косметический,"кухня, хранение одежды, спальные места","холодильник, плита, стиральная машина",,да,нет,,,кирпичный,6,нет,нет,
95,"Курская область, Курск, пр-т Анатолия Дериглазова, 21",р-н Центральный,7 000 ₽ в месяц,1,39 м²,9 м²,2 из 17,балкон,,совмещенный,косметический,,,,да,нет,нет,,панельный,17,1,1,
96,"Курская область, Курск, пр-т Победы, 54",р-н Центральный,8 000 ₽ в месяц,1,38 м²,9.5 м²,9 из 17,балкон,,совмещенный,косметический,,,,да,нет,нет,,панельный,17,1,1,
97,"Курская область, Курск, пр-т Победы, 2",р-н Центральный,15 000 ₽ в месяц,1,50 м²,14 м²,8 из 10,,,совмещенный,евро,"кухня, хранение одежды, спальные места","холодильник, плита, микроволновка, стиральная машина",,нет,нет,,,монолитный,10,,,
98,"Курская область, Курск, пр-т Победы, 34",р-н Центральный,8 000 ₽ в месяц,1,39 м²,10 м²,6 из 17,,,,косметический,,,,да,да,,,панельный,17,,,
99,"Курская область, Курск, пр-т Победы, 24",р-н Центральный,17 000 ₽ в месяц,2,61 м²,11 м²,7 из 17,балкон,изолированные,раздельный,евро,"кухня, хранение одежды, спальные места","кондиционер, холодильник, плита, микроволновка, стиральная машина, посудомоечная машина, телевизор","Wi-Fi, телевидение",да,нет,нет,,панельный,17,1,1,открытая во дворе
100,"Курская область, Курск, ул. Карла Маркса, 61",р-н Центральный,24 000 ₽ в месяц,2,48 м²,6 м²,3 из 5,балкон,изолированные,раздельный,евро,"кухня, хранение одежды, спальные места","холодильник, плита, стиральная машина","Wi-Fi, телевидение",нет,нет,нет,,панельный,5,нет,нет,открытая во дворе
101,"Курская область, Курск, Хуторская ул., 4",р-н Центральный,30 000 ₽ в месяц,2,75 м²,19 м²,4 из 10,лоджия,изолированные,совмещенный,евро,"кухня, хранение одежды, спальные места","холодильник, плита, стиральная машина, телевизор","Wi-Fi, телевидение",да,нет,нет,,монолитно-кирпичный,10,1,1,за шлагбаумом во дворе
102,"Курская область, Курск, пр-т Ленинского Комсомола, 54",р-н Сеймский,11 000 ₽ в месяц,2,46 м²,9 м²,6 из 9,лоджия,изолированные,раздельный,косметический,кухня,"холодильник, плита, стиральная машина, телевизор",Wi-Fi,да,нет,нет,,панельный,9,1,,открытая во дворе
103,"Курская область, Курск, микрорайон Курского завода тракторных запчастей, ул. Дейнеки, 16",р-н Сеймский,9 000 ₽ в месяц,1,31 м²,6 м²,2 из 5,балкон,,совмещенный,косметический,"кухня, хранение одежды, спальные места","холодильник, плита",,да,нет,нет,,панельный,5,,,открытая во дворе
104,"Курская область, Курск, ул. Ленина, 94",р-н Центральный,22 000 ₽ в месяц,3,61 м²,7 м²,7 из 9,лоджия,изолированные,раздельный,косметический,"кухня, хранение одежды, спальные места","холодильник, плита, микроволновка, стиральная машина, посудомоечная машина, телевизор","Wi-Fi, телевидение",нет,нет,да,,кирпичный,9,1,нет,за шлагбаумом во дворе
105,"Курская область, Курск, Центральный округ, Школьная ул., 1Б",р-н Центральный,20 000 ₽ в месяц,1,54 м²,14 м²,5 из 8,лоджия,,раздельный,евро,"кухня, хранение одежды, спальные места","холодильник, плита, стиральная машина","Wi-Fi, телевидение",да,нет,да,,монолитный,8,1,,за шлагбаумом во дворе
106,"Курская область, Курск, пр-т Анатолия Дериглазова, 121",р-н Центральный,12 000 ₽ в месяц,2,72 м²,17 м²,12 из 16,лоджия,изолированные,раздельный,дизайнерский,кухня,плита,,да,нет,нет,,монолитно-кирпичный,16,1,1,открытая во дворе
107,"Курская область, Курск, ул. Димитрова, 97",р-н Центральный,30 000 ₽ в месяц,3,65 м²,6 м²,1 из 5,,изолированные,,косметический,,"холодильник, микроволновка, стиральная машина",,да,да,нет,,панельный,5,,,
108,"Курская область, Курск, ул. Чернышевского, 10",р-н Центральный,15 000 ₽ в месяц,2,47 м²,8 м²,5 из 9,лоджия,изолированные,раздельный,косметический,"кухня, спальные места","холодильник, плита, стиральная машина",,да,да,,,кирпичный,9,,,
109,"Курская область, Курск, ул. Димитрова, 40",р-н Центральный,20 000 ₽ в месяц,студия,32.3 м²,,4 из 9,лоджия,,раздельный,евро,"кухня, хранение одежды, спальные места","кондиционер, холодильник, плита, микроволновка, стиральная машина, телевизор","Wi-Fi, телевидение",да,нет,нет,,кирпичный,9,1,нет,за шлагбаумом во дворе
110,"Курская область, Курск, Союзная ул., 55",р-н Железнодорожный,8 000 ₽ в месяц,1,30 м²,6 м²,2 из 5,"балкон, лоджия",,совмещенный,косметический,"кухня, хранение одежды, спальные места","холодильник, плита, стиральная машина, телевизор","Wi-Fi, телевидение",да,нет,нет,,панельный,5,нет,нет,открытая во дворе
111,"Курская область, Курск, ул. Гайдара, 26А",р-н Центральный,27 000 ₽ в месяц,1,44 м²,44 м²,5 из 16,лоджия,,совмещенный,дизайнерский,"кухня, хранение одежды, спальные места","кондиционер, холодильник, плита, микроволновка, стиральная машина, посудомоечная машина, водонагреватель, телевизор","Wi-Fi, телевидение",да,нет,нет,,монолитный,16,1,1,открытая во дворе
112,"Курская область, Курск, пр-т Вячеслава Клыкова, 64",р-н Центральный,12 000 ₽ в месяц,1,37 м²,10 м²,12 из 17,балкон,,совмещенный,косметический,"кухня, хранение одежды, спальные места","холодильник, плита, микроволновка, стиральная машина, телевизор","Wi-Fi, телевидение",нет,нет,нет,,панельный,17,,,открытая во дворе
113,"Курская область, Курск, микрорайон КЗТЗ, ул. Дейнеки, 32",р-н Сеймский,12 000 ₽ в месяц,2,43 м²,6 м²,5 из 5,балкон,изолированные,раздельный,косметический,,"кондиционер, холодильник, плита, микроволновка, водонагреватель",,да,нет,,,панельный,5,,,
114,"Курская область, Курск, ул. Радищева, 20",р-н Центральный,20 000 ₽ в месяц,2,54 м²,10 м²,9 из 17,балкон,изолированные,раздельный,евро,"кухня, хранение одежды, спальные места","кондиционер, холодильник, плита, микроволновка, стиральная машина, телевизор",телевидение,нет,нет,нет,,монолитно-кирпичный,17,1,1,за шлагбаумом во дворе
115,"Курская область, Курск, Запольная ул., 60",р-н Центральный,25 000 ₽ в месяц,1,37 м²,10 м²,4 из 18,балкон,,совмещенный,евро,"кухня, хранение одежды, спальные места","холодильник, плита, стиральная машина, телевизор",телевидение,нет,нет,нет,,монолитный,18,,1,за шлагбаумом во дворе
116,"Курская область, Курск, пр-т Ленинского Комсомола, 101",р-н Сеймский,12 000 ₽ в месяц,2,46 м²,46 м²,7 из 9,балкон,изолированные,,косметический,"кухня, хранение одежды, спальные места","холодильник, плита, микроволновка, стиральная машина, телевизор",,да,нет,нет,,кирпичный,9,1,,открытая во дворе
117,"Курская область, Курск, Дружининская ул., 29",р-н Центральный,20 000 ₽ в месяц,1,45 м²,10 м²,7 из 10,лоджия,,совмещенный,евро,"кухня, хранение одежды, спальные места","кондиционер, холодильник, плита, микроволновка, стиральная машина, водонагреватель, телевизор",телевидение,нет,нет,нет,,монолитно-кирпичный,10,,1,за шлагбаумом во дворе
118,"Курская область, Курск, пр-т Анатолия Дериглазова, 13",р-н Центральный,20 000 ₽ в месяц,2,56 м²,10 м²,11 из 17,,изолированные,раздельный,косметический,"кухня, хранение одежды, спальные места","холодильник, плита, микроволновка, стиральная машина","Wi-Fi, телевидение",да,нет,,,панельный,17,4,4,открытая во дворе
119,"Курская область, Курск, Кавказская ул., 39",р-н Центральный,12 000 ₽ в месяц,2,47 м²,8 м²,8 из 9,,изолированные,раздельный,косметический,"кухня, хранение одежды, спальные места","холодильник, плита, стиральная машина, телевизор",,да,нет,,,панельный,9,1,,открытая во дворе
120,"Курская область, Курск, ул. Дзержинского, 43",р-н Центральный,15 000 ₽ в месяц,3,55 м²,8 м²,3 из 4,,"изолированные, смежные",раздельный,косметический,"кухня, хранение одежды, спальные места","холодильник, плита, стиральная машина, водонагреватель, телевизор",,да,нет,нет,,кирпичный,4,нет,нет,за шлагбаумом во дворе
121,"Курская область, Курск, пр-т Вячеслава Клыкова, 63",р-н Центральный,15 000 ₽ в месяц,3,80 м²,10 м²,10 из 17,балкон,изолированные,раздельный,косметический,"кухня, хранение одежды, спальные места","холодильник, плита, стиральная машина, телевизор",,нет,нет,нет,,панельный,17,1,1,открытая во дворе
122,"Курская область, Курск, пр-т Вячеслава Клыкова, 39",р-н Центральный,17 000 ₽ в месяц,1,39 м²,10 м²,9 из 17,лоджия,,,евро,"кухня, хранение одежды","кондиционер, холодильник, плита, микроволновка, стиральная машина",Wi-Fi,нет,нет,нет,,панельный,17,1,1,открытая во дворе
123,"Курская область, Курск, 1-я Воронежская ул., 35",р-н Железнодорожный,35 000 ₽ в месяц,3,90 м²,20 м²,2 из 2,балкон,"изолированные, смежные",совмещенный,евро,"кухня, спальные места","кондиционер, холодильник, плита, микроволновка, стиральная машина, телевизор","Wi-Fi, телевидение",нет,нет,нет,,кирпичный,2,,,открытая во дворе
124,"Курская область, Курск, Звёздная ул., 15",р-н Центральный,20 000 ₽ в месяц,2,70 м²,10 м²,1 из 10,балкон,изолированные,раздельный,косметический,"кухня, хранение одежды, спальные места","холодильник, плита, посудомоечная машина, водонагреватель",,да,нет,,,панельный,10,1,,открытая во дворе
125,"Курская область, Курск, ул. Карла Маркса, 72к14",р-н Центральный,20 000 ₽ в месяц,4,114 м²,10 м²,3 из 5,лоджия,изолированные,раздельный,косметический,кухня,"холодильник, плита, стиральная машина",,да,нет,нет,,монолитный,5,нет,нет,открытая во дворе
126,"Курская область, Курск, ул. Карла Маркса, 72к22",р-н Центральный,22 000 ₽ в месяц,1,42 м²,9 м²,6 из 10,лоджия,,раздельный,евро,"кухня, хранение одежды, спальные места","кондиционер, холодильник, плита, микроволновка, стиральная машина, телевизор",,да,нет,,,панельный,10,1,,
127,"Курская область, Курск, Дружининская ул., 29",р-н Центральный,37 000 ₽ в месяц,1,45 м²,15 м²,9 из 10,балкон,,совмещенный,дизайнерский,"кухня, хранение одежды, спальные места","кондиционер, холодильник, плита, микроволновка, стиральная машина, посудомоечная машина, водонагреватель, телевизор","Wi-Fi, телевидение",да,нет,нет,,кирпичный,10,1,1,за шлагбаумом во дворе
128,"Курская область, Курск, ул. Софьи Перовской, 18",р-н Центральный,20 000 ₽ в месяц,1,42.6 м²,18.1 м²,5 из 18,балкон,,совмещенный,евро,,,,да,нет,,,монолитно-кирпичный,18,1,1,за шлагбаумом во дворе
129,"Курская область, Курск, пр-т Победы, 42",р-н Центральный,24 000 ₽ в месяц,3,80 м²,10 м²,10 из 17,балкон,изолированные,раздельный,евро,"кухня, хранение одежды, спальные места","кондиционер, холодильник, плита, микроволновка, стиральная машина, телевизор",Wi-Fi,нет,нет,нет,,панельный,17,1,1,открытая во дворе
130,"Курская область, Курск, ул. Перекальского, 11",р-н Центральный,15 000 ₽ в месяц,1,44 м²,12 м²,2 из 12,,,совмещенный,евро,"кухня, хранение одежды, спальные места","холодильник, плита, стиральная машина, телевизор","Wi-Fi, телевидение",нет,нет,нет,,кирпичный,12,1,,"подземная, открытая во дворе"
131,"Курская область, Курск, ул. Пучковка, 108В",р-н Центральный,9 000 ₽ в месяц,1,30 м²,6 м²,2 из 5,,,,косметический,,"холодильник, плита, микроволновка, стиральная машина","Wi-Fi, телевидение",да,нет,нет,,кирпичный,5,,,
132,"Курская область, Курск, ул. Блинова, 2к1",р-н Центральный,12 500 ₽ в месяц,1,34 м²,9 м²,5 из 9,,,совмещенный,косметический,"кухня, хранение одежды, спальные места","холодильник, плита, стиральная машина",,нет,нет,нет,,кирпичный,9,1,,за шлагбаумом во дворе
133,"Курская область, Курск, пр-т Вячеслава Клыкова, 20",р-н Центральный,8 000 ₽ в месяц,1,37 м²,10 м²,7 из 17,балкон,,раздельный,косметический,"кухня, хранение одежды, спальные места","холодильник, плита","Wi-Fi, телевидение",нет,нет,нет,,панельный,17,1,1,открытая во дворе
134,"Курская область, Курск, микрорайон Северо-Западный, Майский б-р, 34",р-н Центральный,12 000 ₽ в месяц,2,70 м²,15 м²,2 из 9,лоджия,изолированные,раздельный,евро,"кухня, хранение одежды, спальные места","холодильник, плита, стиральная машина, телевизор",,да,нет,нет,,монолитный,9,1,,открытая во дворе
135,"Курская область, Курск, ул. Черняховского, 52",р-н Сеймский,25 000 ₽ в месяц,3,61 м²,8.5 м²,4 из 9,балкон,изолированные,раздельный,дизайнерский,"кухня, хранение одежды, спальные места","холодильник, плита, микроволновка, стиральная машина, телевизор","Wi-Fi, телевидение",да,нет,нет,,панельный,9,1,,открытая во дворе
136,"Курская область, Курск, пр-т Надежды Плевицкой, 23",р-н Центральный,15 000 ₽ в месяц,2,39 м²,15.6 м²,7 из 10,лоджия,изолированные,совмещенный,евро,"кухня, спальные места","холодильник, плита, микроволновка, стиральная машина",телевидение,да,нет,нет,,панельный,10,нет,1,открытая во дворе
137,"Курская область, Курск, пр-т Анатолия Дериглазова, 37",р-н Центральный,8 500 ₽ в месяц,1,38 м²,10 м²,8 из 17,,,,косметический,,,,да,нет,нет,,панельный,17,,,
138,"Курская область, Курск, пр-т Вячеслава Клыкова, 47",р-н Центральный,16 000 ₽ в месяц,2,58 м²,10 м²,11 из 17,балкон,изолированные,раздельный,косметический,"кухня, хранение одежды, спальные места","холодильник, плита, микроволновка, стиральная машина","Wi-Fi, телевидение",нет,нет,нет,,панельный,17,1,1,открытая во дворе
139,"Курская область, Курск, Орловская ул., 1А",р-н Центральный,17 000 ₽ в месяц,1,39 м²,10 м²,7 из 10,лоджия,,совмещенный,дизайнерский,"кухня, хранение одежды, спальные места","кондиционер, холодильник, плита, микроволновка, стиральная машина, посудомоечная машина, водонагреватель, телевизор","Wi-Fi, телевидение",да,нет,нет,,кирпичный,10,1,1,открытая во дворе
140,"Курская область, Курск, ул. Володарского, 44",р-н Центральный,25 000 ₽ в месяц,2,70 м²,9 м²,5 из 5,,изолированные,,дизайнерский,,,,да,нет,,,кирпичный,5,,,
141,"Курская область, Курск, пр-т Вячеслава Клыкова, 56",р-н Центральный,12 000 ₽ в месяц,1,37 м²,10 м²,6 из 17,балкон,,совмещенный,косметический,"кухня, хранение одежды, спальные места","холодильник, плита, стиральная машина, телевизор",Wi-Fi,да,да,нет,,панельный,17,1,1,открытая во дворе
142,"Курская область, Курск, Чумаковская ул., 39",р-н Центральный,15 000 ₽ в месяц,2,60 м²,10 м²,2 из 2,,смежные,,косметический,"кухня, спальные места","кондиционер, плита, стиральная машина, водонагреватель",,да,нет,,,деревянный,2,,,
143,"Курская область, Курск, ул. Домостроителей, 5",р-н Центральный,13 000 ₽ в месяц,2,56 м²,10 м²,6 из 17,балкон,изолированные,раздельный,косметический,"кухня, спальные места","холодильник, плита",,нет,нет,нет,,панельный,17,1,1,открытая во дворе
144,"Курская область, Курск, пр-т Анатолия Дериглазова, 43",р-н Центральный,9 000 ₽ в месяц,1,38 м²,10 м²,7 из 17,балкон,,совмещенный,косметический,"кухня, хранение одежды, спальные места","холодильник, плита, микроволновка, стиральная машина, телевизор","Wi-Fi, телевидение",да,нет,нет,,панельный,17,1,1,открытая во дворе
145,"Курская область, Курск, микрорайон Северо-Западный, Студенческая ул., 2",р-н Центральный,5 000 ₽ в месяц,4,85 м²,20 м²,7 из 10,балкон,изолированные,совмещенный,евро,"кухня, хранение одежды, спальные места","кондиционер, холодильник, плита, стиральная машина, телевизор",телевидение,нет,нет,нет,,панельный,10,1,,
146,"Курская область, Курск, ул. Степана Разина, 24",р-н Центральный,9 500 ₽ в месяц,1,32 м²,6 м²,1 из 5,,,совмещенный,косметический,"кухня, хранение одежды, спальные места","холодильник, плита, микроволновка, стиральная машина",,да,нет,нет,,кирпичный,5,,,
147,"Курская область, Курск, Никитская ул., 16",р-н Центральный,10 000 ₽ в месяц,1,35 м²,10 м²,1 из 10,лоджия,,раздельный,косметический,"кухня, хранение одежды, спальные места","холодильник, плита",,нет,нет,нет,,кирпичный,10,1,,открытая во дворе
148,"Курская область, Курск, ул. Софьи Перовской, 18",р-н Центральный,30 000 ₽ в месяц,1,45 м²,11.4 м²,15 из 17,лоджия,,совмещенный,дизайнерский,"кухня, хранение одежды, спальные места","кондиционер, холодильник, плита, микроволновка, стиральная машина, посудомоечная машина, телевизор","Wi-Fi, телевидение",нет,нет,нет,,монолитный,17,1,1,"открытая во дворе, за шлагбаумом во дворе"
149,"Курская область, Курск, Запольная ул., 60А",р-н Центральный,17 000 ₽ в месяц,1,38 м²,10 м²,7 из 18,лоджия,,совмещенный,евро,"кухня, хранение одежды, спальные места","холодильник, плита, микроволновка, стиральная машина",Wi-Fi,нет,нет,нет,,монолитный,18,2,1,за шлагбаумом во дворе
150,"Курская область, Курск, ул. Льва Толстого, 21",р-н Центральный,25 000 ₽ в месяц,1,38.7 м²,16 м²,8 из 10,балкон,,совмещенный,евро,"кухня, хранение одежды, спальные места","кондиционер, холодильник, плита, микроволновка, стиральная машина, водонагреватель, телевизор",Wi-Fi,нет,нет,нет,,кирпичный,10,1,,"открытая во дворе, за шлагбаумом во дворе"
151,"Курская область, Курск, микрорайон Северо-Западный, пр-т Энтузиастов, 8",р-н Центральный,15 000 ₽ в месяц,3,60 м²,9 м²,8 из 9,лоджия,изолированные,,косметический,,,,да,нет,,,панельный,9,,,
152,"Курская область, Курск, пр-т Вячеслава Клыкова, 62",р-н Центральный,11 000 ₽ в месяц,1,37 м²,10 м²,6 из 17,балкон,,совмещенный,косметический,"кухня, хранение одежды, спальные места","холодильник, плита, стиральная машина, телевизор",телевидение,да,нет,нет,,панельный,17,1,1,открытая во дворе
153,"Курская область, Курск, пр-т Вячеслава Клыкова, 86",р-н Центральный,9 000 ₽ в месяц,1,39 м²,10 м²,10 из 17,балкон,,совмещенный,косметический,"кухня, спальные места","холодильник, плита, микроволновка, стиральная машина",,да,нет,нет,,панельный,17,1,1,открытая во дворе
154,"Курская область, Курск, ул. 50 лет Октября, 96Б",р-н Центральный,12 000 ₽ в месяц,1,42 м²,10 м²,5 из 9,балкон,,совмещенный,косметический,"кухня, хранение одежды, спальные места","холодильник, стиральная машина",Wi-Fi,нет,нет,нет,,кирпичный,9,1,,
155,"Курская область, Курск, ул. Горького, 17",р-н Центральный,30 000 ₽ в месяц,3,80 м²,10 м²,2 из 2,лоджия,изолированные,раздельный,дизайнерский,"кухня, хранение одежды, спальные места","холодильник, плита, стиральная машина, водонагреватель, телевизор","Wi-Fi, телевидение",да,нет,нет,,кирпичный,2,нет,нет,за шлагбаумом во дворе
156,"Курская область, Курск, Сумская ул., 7",р-н Сеймский,10 000 ₽ в месяц,1,44 м²,20 м²,4 из 10,,,,косметический,,,,нет,нет,,,кирпичный,10,,,
157,"Курская область, Курск, пр-т Анатолия Дериглазова, 91",р-н Центральный,12 000 ₽ в месяц,1,39 м²,10 м²,16 из 17,балкон,,совмещенный,косметический,"кухня, хранение одежды, спальные места","холодильник, плита, стиральная машина, телевизор",телевидение,да,нет,нет,,панельный,17,1,1,открытая во дворе
158,"Курская область, Курск, ул. Карла Маркса, 66Д",р-н Центральный,25 000 ₽ в месяц,2,48 м²,19.5 м²,7 из 8,балкон,смежные,совмещенный,евро,"кухня, хранение одежды, спальные места","кондиционер, холодильник, плита, стиральная машина, телевизор","Wi-Fi, телевидение",да,нет,нет,,монолитный,8,нет,1,"подземная, открытая во дворе, за шлагбаумом во дворе"
159,"Курская область, Курский р-н, пос. Юбилейный, Цветочная ул., 7",,25 000 ₽ в месяц,3,70 м²,15 м²,1 из 2,,изолированные,раздельный,косметический,"кухня, хранение одежды, спальные места","холодильник, плита, микроволновка, стиральная машина, телевизор","Wi-Fi, телевидение",да,нет,нет,,кирпичный,2,нет,нет,открытая во дворе
160,"Курская область, Курск, ул. Домостроителей, 6",р-н Центральный,7 000 ₽ в месяц,1,39 м²,10 м²,5 из 17,балкон,,совмещенный,косметический,кухня,плита,Wi-Fi,да,нет,нет,,панельный,17,1,1,открытая во дворе
161,"Курская область, Курск, ул. 50 лет Октября, 155А",р-н Центральный,17 000 ₽ в месяц,2,44 м²,6 м²,2 из 5,,смежные,раздельный,косметический,"кухня, хранение одежды, спальные места","холодильник, плита, стиральная машина",,да,нет,,,панельный,5,,,открытая во дворе
162,"Курская область, Курск, Северный район, ул. Генерала Григорова, 42",р-н Центральный,7 500 ₽ в месяц,студия,29 м²,,4 из 5,балкон,,совмещенный,косметический,"кухня, хранение одежды, спальные места","холодильник, плита, стиральная машина",Wi-Fi,нет,нет,нет,,монолитно-кирпичный,5,нет,нет,открытая во дворе
163,"Курская область, Курск, пр-т Анатолия Дериглазова, 81",р-н Центральный,14 000 ₽ в месяц,2,62 м²,12 м²,15 из 17,балкон,изолированные,раздельный,косметический,,,Wi-Fi,нет,нет,нет,,панельный,17,,,
164,"Курская область, Курск, пр-т Вячеслава Клыкова, 58",р-н Центральный,7 000 ₽ в месяц,1,39 м²,10 м²,11 из 17,балкон,,совмещенный,косметический,,,,да,нет,нет,,панельный,17,1,1,
165,"Курская область, Курск, пр-т Надежды Плевицкой, 11",р-н Центральный,18 000 ₽ в месяц,2,40 м²,16 м²,7 из 10,"балкон, лоджия",изолированные,совмещенный,евро,"кухня, хранение одежды, спальные места","холодильник, плита, микроволновка, стиральная машина, телевизор","Wi-Fi, телевидение",да,нет,нет,,панельный,10,1,1,"открытая во дворе, за шлагбаумом во дворе"
166,"Курская область, Курск, пр-т Анатолия Дериглазова, 21",р-н Центральный,10 000 ₽ в месяц,2,60 м²,9 м²,6 из 17,балкон,изолированные,раздельный,косметический,"кухня, хранение одежды, спальные места","холодильник, плита, микроволновка, стиральная машина",телевидение,да,нет,нет,,панельный,17,1,1,открытая во дворе
167,"Курская область, Курск, ул. Бойцов 9-й Дивизии, 197",р-н Центральный,12 000 ₽ в месяц,2,52.3 м²,10 м²,3 из 10,балкон,изолированные,раздельный,косметический,"кухня, хранение одежды, спальные места","холодильник, плита, микроволновка, стиральная машина, водонагреватель, телевизор",,да,нет,нет,,панельный,10,1,,открытая во дворе
168,"Курская область, Курск, пр-т Вячеслава Клыкова, 16",р-н Центральный,14 000 ₽ в месяц,2,75 м²,15 м²,9 из 9,балкон,изолированные,раздельный,косметический,"кухня, хранение одежды, спальные места","холодильник, плита, стиральная машина, телевизор",,да,да,да,,монолитный,9,1,,
169,"Курская область, Курск, ул. Гоголя, 47",р-н Центральный,10 000 ₽ в месяц,1,34 м²,7 м²,3 из 5,балкон,,раздельный,косметический,"кухня, хранение одежды, спальные места","холодильник, плита, микроволновка, стиральная машина, телевизор",,нет,нет,нет,,кирпичный,5,,,открытая во дворе
170,"Курская область, Курский р-н, пос. Лазурный, 2",,7 000 ₽ в месяц,1,37 м²,10 м²,2 из 3,балкон,,совмещенный,косметический,"кухня, хранение одежды","холодильник, плита, стиральная машина, водонагреватель","Wi-Fi, телевидение",да,нет,нет,,кирпичный,3,нет,нет,открытая во дворе
171,"Курская область, Курск, ул. Димитрова, 52",р-н Центральный,30 000 ₽ в месяц,3,92 м²,14 м²,5 из 10,,изолированные,,евро,,"холодильник, плита, стиральная машина, фен, утюг",Wi-Fi,да,нет,,,кирпичный,10,,,
172,"Курская область, Курск, пр-т Анатолия Дериглазова, 91",р-н Центральный,9 000 ₽ в месяц,1,34.5 м²,9 м²,13 из 17,балкон,,совмещенный,евро,,,,да,нет,нет,,панельный,17,1,1,
173,"Курская область, Курск, Центральный округ, пр-т Дружбы, 10",р-н Центральный,10 000 ₽ в месяц,1,35 м²,9 м²,9 из 9,лоджия,,раздельный,косметический,"кухня, хранение одежды, спальные места","холодильник, плита, стиральная машина",,да,нет,нет,,панельный,9,1,нет,открытая во дворе
174,"Курская область, Курск, ул. Ватутина, 24",р-н Центральный,14 000 ₽ в месяц,3,70 м²,10 м²,7 из 9,балкон,изолированные,раздельный,косметический,"кухня, хранение одежды, спальные места","холодильник, плита, стиральная машина, телевизор","Wi-Fi, телевидение",да,нет,да,,кирпичный,9,1,,за шлагбаумом во дворе
175,"Курская область, Курск, Звёздная ул., 11Б",р-н Центральный,25 000 ₽ в месяц,2,67.5 м²,13 м²,5 из 10,лоджия,изолированные,раздельный,дизайнерский,"кухня, хранение одежды, спальные места","холодильник, плита, стиральная машина, телевизор","Wi-Fi, телевидение",да,нет,нет,,кирпичный,10,1,1,открытая во дворе
176,"Курская область, Курск, микрорайон КЗТЗ, ул. Комарова, 7",р-н Сеймский,8 000 ₽ в месяц,2,45 м²,6 м²,3 из 5,балкон,смежные,раздельный,косметический,"кухня, хранение одежды, спальные места","холодильник, плита, телевизор",,да,да,нет,,панельный,5,,,
177,"Курская область, Курск, ул. Радищева, 87/7",р-н Центральный,40 000 ₽ в месяц,4,75 м²,10 м²,2 из 5,лоджия,изолированные,раздельный,косметический,"кухня, хранение одежды, спальные места","холодильник, плита, микроволновка, стиральная машина",Wi-Fi,да,да,нет,,кирпичный,5,,,за шлагбаумом во дворе
178,"Курская область, Курск, пр-т Ленинского Комсомола, 52Б",р-н Сеймский,10 000 ₽ в месяц,1,41 м²,10 м²,4 из 10,лоджия,,раздельный,косметический,"кухня, хранение одежды, спальные места","холодильник, стиральная машина, телевизор",Wi-Fi,да,да,нет,,панельный,10,1,нет,открытая во дворе
179,"Курская область, Курск, ул. Ленина, 31",р-н Центральный,14 000 ₽ в месяц,1,31 м²,7 м²,8 из 9,балкон,,совмещенный,косметический,"кухня, хранение одежды, спальные места","холодильник, стиральная машина",,да,да,нет,,кирпичный,9,1,,
180,"Курская область, Курск, ул. Домостроителей, 10",р-н Центральный,7 000 ₽ в месяц,1,39 м²,10 м²,3 из 17,балкон,,совмещенный,косметический,кухня,,,да,нет,нет,,панельный,17,,,
181,"Курская область, Курск, пр-т Анатолия Дериглазова, 1",р-н Центральный,14 000 ₽ в месяц,1,38 м²,10 м²,14 из 17,балкон,,совмещенный,косметический,"кухня, хранение одежды, спальные места","холодильник, плита, стиральная машина, телевизор",,нет,нет,нет,,панельный,17,1,1,открытая во дворе
182,"Курская область, Курск, пр-т Ленинского Комсомола, 52Б",р-н Сеймский,15 000 ₽ в месяц,2,48 м²,8 м²,6 из 9,балкон,изолированные,,евро,"кухня, хранение одежды, спальные места","кондиционер, холодильник, плита, стиральная машина, водонагреватель, телевизор",,да,нет,нет,,панельный,9,1,,открытая во дворе
183,"Курская область, Курск, Республиканская ул., 53",р-н Железнодорожный,12 000 ₽ в месяц,1,38 м²,16 м²,3 из 5,лоджия,,совмещенный,косметический,,"холодильник, плита, микроволновка, стиральная машина",,нет,нет,,,кирпичный,5,нет,нет,
184,"Курская область, Курск, пр-т Анатолия Дериглазова, 51",р-н Центральный,10 000 ₽ в месяц,1,38 м²,10 м²,5 из 17,,,совмещенный,косметический,"кухня, хранение одежды, спальные места","холодильник, плита, стиральная машина, телевизор",,нет,нет,нет,,панельный,17,,,
185,"Курская область, Курск, Рябиновая ул., 26А",р-н Центральный,12 000 ₽ в месяц,2,39 м²,19 м²,8 из 10,лоджия,изолированные,совмещенный,косметический,"кухня, хранение одежды, спальные места","холодильник, плита, стиральная машина","Wi-Fi, телевидение",да,нет,нет,,панельный,10,1,,"открытая во дворе, за шлагбаумом во дворе"
186,"Курская область, Курск, ул. Софьи Перовской, 18",р-н Центральный,23 000 ₽ в месяц,1,44 м²,10 м²,2 из 17,балкон,,совмещенный,дизайнерский,"кухня, хранение одежды, спальные места","холодильник, плита, микроволновка, стиральная машина, водонагреватель, телевизор","Wi-Fi, телевидение",нет,нет,нет,,монолитный,17,1,1,"открытая во дворе, за шлагбаумом во дворе"
187,"Курская область, Курск, ул. Домостроителей, 3",р-н Центральный,9 000 ₽ в месяц,2,56.6 м²,9 м²,1 из 17,,изолированные,,косметический,,плита,,да,нет,,,панельный,17,,,
188,"Курская область, Курск, ул. Менделеева, 17",р-н Сеймский,8 000 ₽ в месяц,2,42.2 м²,5 м²,4 из 4,балкон,смежные,совмещенный,косметический,"кухня, хранение одежды, спальные места","холодильник, плита, стиральная машина, телевизор",телевидение,нет,нет,да,,кирпичный,4,,,открытая во дворе
189,"Курская область, Курск, ул. Карла Либкнехта, 18",р-н Центральный,12 000 ₽ в месяц,1,40 м²,9 м²,4 из 9,,,,евро,,"холодильник, плита, микроволновка, стиральная машина, фен, утюг",,нет,нет,нет,,кирпичный,9,,,
190,"Курская область, Курск, пр-т Надежды Плевицкой, 11",р-н Центральный,10 500 ₽ в месяц,1,38 м²,15 м²,5 из 10,лоджия,,совмещенный,косметический,"кухня, хранение одежды, спальные места","холодильник, плита",,нет,нет,нет,,панельный,10,1,1,"открытая во дворе, за шлагбаумом во дворе"
191,"Курская область, Курск, ул. Большевиков, 97",р-н Центральный,10 000 ₽ в месяц,2,47 м²,6 м²,4 из 5,балкон,изолированные,,косметический,,,,да,да,,,кирпичный,5,,,
192,"Курская область, Курск, пр-т Победы, 28",р-н Центральный,25 000 ₽ в месяц,3,83 м²,14 м²,8 из 17,балкон,изолированные,раздельный,евро,"кухня, хранение одежды, спальные места","холодильник, плита, микроволновка, стиральная машина, телевизор","Wi-Fi, телевидение",да,да,нет,,панельный,17,1,1,открытая во дворе
193,"Курская область, Курск, пр-т Анатолия Дериглазова, 79",р-н Центральный,10 000 ₽ в месяц,1,37 м²,10 м²,13 из 17,балкон,,"совмещенный, раздельный",косметический,"кухня, хранение одежды, спальные места","холодильник, плита, стиральная машина",,нет,нет,нет,,панельный,17,1,1,открытая во дворе
194,"Курская область, Курск, ул. Пучковка, 19А",р-н Центральный,6 000 ₽ в месяц,1,31 м²,6 м²,3 из 5,балкон,,раздельный,косметический,"кухня, хранение одежды, спальные места","холодильник, плита, телевизор",телевидение,нет,да,нет,,кирпичный,5,,,открытая во дворе
195,"Курская область, Курск, ул. Перекальского, 11",р-н Центральный,15 000 ₽ в месяц,1,45 м²,12 м²,7 из 10,,,совмещенный,косметический,"кухня, хранение одежды, спальные места","холодильник, стиральная машина",,нет,нет,нет,,монолитный,10,нет,1,за шлагбаумом во дворе
196,"Курская область, Курск, Ендовищенская ул., 2",р-н Центральный,16 000 ₽ в месяц,2,42 м²,7 м²,2 из 6,,смежные,,косметический,"кухня, хранение одежды, спальные места","холодильник, плита, телевизор",Wi-Fi,да,нет,нет,,кирпичный,6,,,
197,"Курская область, Курск, пр-т Анатолия Дериглазова, 109",р-н Центральный,18 000 ₽ в месяц,1,37 м²,10 м²,4 из 17,балкон,,совмещенный,евро,"кухня, хранение одежды, спальные места","холодильник, плита, микроволновка, стиральная машина, телевизор","Wi-Fi, телевидение",да,нет,нет,,панельный,17,1,1,открытая во дворе
198,"Курская область, Курск, ул. Домостроителей, 17",р-н Центральный,12 000 ₽ в месяц,1,42 м²,10 м²,13 из 17,"балкон, лоджия",,,евро,,"холодильник, плита, стиральная машина",Wi-Fi,нет,нет,нет,,монолитный,17,1,,
199,"Курская область, Курск, пр-т Вячеслава Клыкова",р-н Центральный,13 000 ₽ в месяц,2,56.1 м²,10.9 м²,3 из 17,балкон,изолированные,раздельный,косметический,"кухня, хранение одежды, спальные места","холодильник, плита, микроволновка, стиральная машина, телевизор",Wi-Fi,нет,нет,нет,,панельный,17,1,1,открытая во дворе
200,"Курская область, Курск, пр-т Победы, 46",р-н Центральный,8 500 ₽ в месяц,1,39 м²,10 м²,1 из 17,,,совмещенный,косметический,"кухня, хранение одежды, спальные места","холодильник, плита, стиральная машина",,да,да,нет,,панельный,17,1,1,открытая во дворе
201,"Курская область, Курск, пр-т Победы, 40",р-н Центральный,15 000 ₽ в месяц,2,61 м²,10 м²,3 из 17,лоджия,изолированные,раздельный,косметический,"кухня, хранение одежды, спальные места","кондиционер, холодильник, плита, микроволновка, стиральная машина, телевизор","Wi-Fi, телевидение",да,нет,нет,,панельный,17,1,1,открытая во дворе
202,"Курская область, Курск, пр-т Анатолия Дериглазова, 9",р-н Центральный,10 000 ₽ в месяц,2,56 м²,10 м²,9 из 17,балкон,изолированные,раздельный,косметический,кухня,плита,,нет,нет,нет,,панельный,17,1,1,открытая во дворе
203,"Курская область, Курск, пр-т Анатолия Дериглазова, 1",р-н Центральный,12 000 ₽ в месяц,2,61 м²,11 м²,5 из 17,балкон,изолированные,раздельный,косметический,"кухня, хранение одежды, спальные места","холодильник, плита, стиральная машина",,да,нет,,,панельный,17,1,1,
204,"Курская область, Курск, Рябиновая ул., 26В",р-н Центральный,15 000 ₽ в месяц,2,39 м²,19 м²,2 из 9,балкон,смежные,раздельный,евро,"кухня, спальные места","холодильник, плита, стиральная машина",телевидение,да,нет,нет,,монолитный,9,,,
205,"Курская область, Курск, пр-т Анатолия Дериглазова, 37",р-н Центральный,9 500 ₽ в месяц,2,60 м²,12 м²,9 из 17,,изолированные,раздельный,косметический,"хранение одежды, спальные места","холодильник, плита, телевизор",,да,нет,нет,,панельный,17,1,1,открытая во дворе
206,"Курская область, Курск, ул. Перекальского, 11",р-н Центральный,18 000 ₽ в месяц,2,60 м²,11 м²,3 из 10,лоджия,изолированные,,евро,"кухня, хранение одежды, спальные места","плита, стиральная машина",Wi-Fi,да,нет,нет,,кирпичный,10,1,,открытая во дворе
207,"Курская область, Курск, ул. Карла Либкнехта, 2",р-н Центральный,14 000 ₽ в месяц,2,40 м²,10 м²,5 из 9,лоджия,изолированные,раздельный,евро,"кухня, хранение одежды, спальные места","холодильник, плита, стиральная машина, телевизор","Wi-Fi, телевидение",да,нет,нет,,кирпичный,9,1,,открытая во дворе
208,"Курская область, Курск, ул. Радищева, 71к2",р-н Центральный,12 000 ₽ в месяц,1,33 м²,6 м²,5 из 5,,,совмещенный,косметический,"кухня, хранение одежды, спальные места","холодильник, плита",,нет,нет,нет,,кирпичный,5,,,
209,"Курская область, Курск, ул. Халтурина, 5",р-н Центральный,12 000 ₽ в месяц,3,60 м²,6 м²,2 из 5,балкон,смежные,раздельный,косметический,"кухня, спальные места","плита, стиральная машина",,нет,нет,нет,,кирпичный,5,нет,нет,
210,"Курская область, Курск, Центральный округ, Школьная ул., 5к1",р-н Центральный,12 000 ₽ в месяц,3,56 м²,6 м²,1 из 4,,изолированные,совмещенный,косметический,"кухня, хранение одежды, спальные места","холодильник, стиральная машина",телевидение,да,да,нет,,кирпичный,4,нет,нет,открытая во дворе
211,"Курская область, Курск, пр-т Анатолия Дериглазова, 53",р-н Центральный,7 500 ₽ в месяц,1,37 м²,12 м²,5 из 17,балкон,,совмещенный,косметический,,плита,,да,нет,,,панельный,17,1,1,
212,"Курская область, Курск, микрорайон Северо-Западный, Майский б-р, 11",р-н Центральный,11 000 ₽ в месяц,1,41 м²,9 м²,9 из 10,балкон,,раздельный,косметический,"кухня, хранение одежды, спальные места","холодильник, плита, микроволновка, стиральная машина",,нет,нет,нет,,панельный,10,1,,"наземная многоуровневая, открытая во дворе"
213,"Курская область, Курск, пр-т Ленинского Комсомола, 91",р-н Сеймский,9 000 ₽ в месяц,1,33 м²,7 м²,3 из 5,балкон,,совмещенный,евро,"кухня, хранение одежды, спальные места","холодильник, плита, телевизор",,да,нет,нет,,кирпичный,5,,,открытая во дворе
214,"Курская область, Курск, ул. Димитрова, 71",р-н Центральный,20 000 ₽ в месяц,2,48 м²,8 м²,9 из 9,лоджия,изолированные,раздельный,евро,,"холодильник, плита, стиральная машина, телевизор",Wi-Fi,да,нет,да,,панельный,9,1,нет,за шлагбаумом во дворе
215,"Курская область, Курск, пр-т Победы, 24",р-н Центральный,20 000 ₽ в месяц,1,40 м²,10 м²,3 из 17,балкон,,,дизайнерский,"кухня, хранение одежды, спальные места","холодильник, плита, микроволновка, стиральная машина, телевизор","Wi-Fi, телевидение",да,нет,,,панельный,17,1,1,открытая во дворе
216,"Курская область, Курск, микрорайон Северо-Западный, Майский б-р, 11",р-н Центральный,9 000 ₽ в месяц,1,41 м²,18 м²,7 из 10,лоджия,,раздельный,косметический,"кухня, спальные места","холодильник, плита, стиральная машина, телевизор",,да,нет,нет,,панельный,10,1,,
